remitente,asunto,cuerpo,categoria,prioridad,sentimiento,respuesta
cliente1@email.com,Pedido retrasado,"Hola, hice un pedido hace una semana y todavía no lo he recibido.
Necesito saber cuándo llegará porque lo necesito urgentemente.",Pedido,Alta,Negativo,"Hola,

Lamentamos el retraso y las molestias que esto le está ocasionando. Para poder comprobar el estado exacto de su envío y darle una solución lo antes posible, ¿puede facilitarnos por favor el número de pedido y el nombre completo asociado al mismo? Si dispone de teléfono o dirección de entrega, también ayudará a agilizar la comprobación.

En cuanto recibamos esos datos, contactaremos con el transportista y le informaremos del estado en un plazo máximo de 24 horas laborables. Si lo prefiere, podemos priorizar la gestión del envío o valorar alternativas (reexpedición urgente, reembolso o compensación) según el resultado.

Quedamos a la espera de su respuesta para resolverlo cuanto antes.

Atentamente,
Servicio de Atención al Cliente"
cliente2@email.com,Consulta sobre producto,"Buenos días, quería saber si tienen disponible el producto X en color azul
y cuál es su precio. Gracias.",Consulta,Baja,Neutral,"Buenos días, gracias por su consulta. Para poder comprobar la disponibilidad y facilitarle el precio del producto X en color azul, ¿podría confirmarnos si se refiere al modelo o referencia concreta (o enviarnos el enlace)? También indíquenos, por favor, la cantidad deseada y la dirección de envío o código postal si necesita el precio con gastos de envío. En cuanto nos facilite esos datos le confirmaremos disponibilidad y le enviaremos el precio. Quedamos a su disposición. Un saludo, Servicio de Atención al Cliente"
cliente3@email.com,Producto recibido en mal estado,"Estoy muy descontento con el servicio. El pedido llegó tarde y además
el producto estaba roto. Quiero una solución y un reembolso.",Reclamación,Alta,Negativo,"Hola,

Lamentamos mucho que su pedido llegara tarde y que además el producto estuviera dañado. Gracias por avisarnos; queremos resolverlo cuanto antes.

Para gestionar el reembolso o el cambio, por favor facilítenos:
- Número de pedido
- Fotografías del embalaje y del producto dañado
- Indíquenos si prefiere reembolso o reemplazo

En cuanto recibamos esa información iniciaremos el proceso. Si solicita reembolso, lo procesaremos en un plazo de 3-5 días hábiles desde la confirmación y le informaremos cuando esté completado. Si prefiere reemplazo, le indicaremos los pasos para el envío de la nueva unidad y la recogida o devolución del artículo dañado.

Pedimos disculpas por las molestias y trabajaremos para solucionarlo rápidamente. Si necesita asistencia urgente, responda a este correo y uno de nuestros agentes le atenderá.

Atentamente,
Equipo de Atención al Cliente"
